-- phpMyAdmin SQL Dump
-- version 4.2.11
-- http://www.phpmyadmin.net
--
-- Хост: 127.0.0.1
-- Время создания: Апр 25 2015 г., 13:46
-- Версия сервера: 5.6.21
-- Версия PHP: 5.6.3

SET SQL_MODE = "NO_AUTO_VALUE_ON_ZERO";
SET time_zone = "+00:00";


/*!40101 SET @OLD_CHARACTER_SET_CLIENT=@@CHARACTER_SET_CLIENT */;
/*!40101 SET @OLD_CHARACTER_SET_RESULTS=@@CHARACTER_SET_RESULTS */;
/*!40101 SET @OLD_COLLATION_CONNECTION=@@COLLATION_CONNECTION */;
/*!40101 SET NAMES utf8 */;

--
-- База данных: `newsfeed`
--

-- --------------------------------------------------------

--
-- Структура таблицы `category`
--

CREATE TABLE IF NOT EXISTS `category` (
`id` int(3) NOT NULL,
  `name` varchar(100) NOT NULL
) ENGINE=InnoDB AUTO_INCREMENT=6 DEFAULT CHARSET=utf8;

--
-- Дамп данных таблицы `category`
--

INSERT INTO `category` (`id`, `name`) VALUES
(1, 'Экономика'),
(2, 'Спорт'),
(3, 'Общество'),
(4, 'Технологии'),
(5, 'Политика');

-- --------------------------------------------------------

--
-- Структура таблицы `news`
--

CREATE TABLE IF NOT EXISTS `news` (
  `id` int(10) NOT NULL,
  `category` int(3) NOT NULL,
  `author` varchar(100) NOT NULL,
  `title` varchar(100) NOT NULL,
  `release_date` date NOT NULL,
  `annotation` text NOT NULL,
  `full_text` text NOT NULL
) ENGINE=InnoDB DEFAULT CHARSET=utf8;

--
-- Дамп данных таблицы `news`
--

INSERT INTO `news` (`id`, `category`, `author`, `title`, `release_date`, `annotation`, `full_text`) VALUES
(1, 2, 'admin@localhost.ru', 'Ирина Кривко. Не сгорел бы дом, вряд ли увлеклась бы биатлоном', '2015-04-22', 'Самая молодая биатлонистка национальной сборной Ирина КРИВКО в Кубке мира провела уже три сезона. Начиная со скромных мест в глубинах финишных протоколов, в этом году новополочанка впервые заехала в десятку и стала попадать в эстафету. В командной гонке 23-летняя спортсменка показала себя непревзойденным бойцом, заслужив доверие тренеров и большую поддержку болельщиков.\r\n\r\n', 'Короткие весенние каникулы, выпадающие у стреляющих лыжников на апрель, Ирина проводит с пользой, о чем рассказала сразу же...\r\n— Сейчас совсем не до отдыха: занята, сдаю сессию. Учусь в Полоцком государственном университете на спортивно-педагогическом факультете. Образовательный процесс уже близится к завершению — оканчиваю последний курс. Пока разбираюсь с зимними долгами, ведь все это время была на соревнованиях. На экзаменах особо не заваливают, наоборот, много помогают. Но часто приходится учить как положено. Мне не в тягость, даже интересно почитать что-то, набраться новых знаний.\r\n\r\n— По вашему профилю “Вконтакте” можно понять, что всерьез принялись за английский...\r\n— Ох, надо бы. Хочется наконец-то заговорить на инглише. Берусь за него, потом забрасываю и снова начинаю... Следует уже взяться так, чтобы появился результат.\r\n\r\n— Общение в биатлонной среде часто требует использования языка?\r\n— Мы с зарубежными командами общаемся не очень плотно, больше с украинцами, болгарами. С ними иностранный особо и не нужен.\r\n\r\n— Спортсменки перед отпуском только и говорят, что о море. Собираетесь?\r\n— Да, хотелось бы. Как только разберусь с университетскими делами, сразу уеду.\r\n\r\n— Как появилась первоапрельская шутка про участие биатлонной команды в синхронном плавании?\r\n— Это результат коллективного творчества в вынужденных условиях. Опоздал самолет, который должен был привезти нас в Минск. Делать нечего, уже наступило первое апреля, мы сидели, скучали, и тут полезли в голову разные мысли. Придумали шутку, добавили подробностей, а потом презентовали ее журналистам.\r\n\r\n— Федерация или Министерство спорта устраивали вам пышное окончание сезона?\r\n— Все чествования еще впереди. Как правило, такие мероприятия проводятся в мае, когда все вернутся после отпусков и отработают сбор.\r\n\r\n— Давайте о приятном. Первая эстафета в карьере — и сразу второе место. Ожидали такой поворот?\r\n— Тогда в Рупольдинге даже не думала, что меня включат в состав. А перед гонкой вдруг говорят: ты побежишь. Я первым делом обрадовалась: наконец-то сбылось, давно хотела попасть в эстафету на этапе Кубка мира. А потом накрыло таким чувством ответственности, волнением, даже сомнением — справлюсь ли? Но как-то удалось успокоить нервы и неплохо пробежать. Очень здорово поддержали девчонки, успокаивали, говорили, мол, это не страшно.\r\n\r\n— Были готовы к последствиям успеха: вниманию, пресс-конференциям?\r\n— Это первый для меня подиум на взрослом уровне. В юниорском биатлоне все не так, даже на чемпионате Европы в случае медалей все гораздо скромнее, ажиотажа нет. А на Кубке мира столько народу, пресс-конференция... Хотя всем задали лишь по паре вопросов, атмосфера все равно необычная.\r\nВ этой ситуации ощущала себя немного чужой. Не знала, как себя вести, что отвечать. Наверное, со временем и с опытом все происходит легко и просто, но для меня было весьма волнительно.\r\n\r\n— Быстро освоились во взрослом спорте?\r\n— В первые годы выступления в Кубке мира дела складывались не совсем успешно. Преследовали частые проблемы со здоровьем и лыжами. Только в этом сезоне сменила марку, перешла на Fisсher — они нравятся куда больше, сразу ощутила разницу.\r\nСмена инвентаря напрашивалась давно, эта деталь к началу сезона превратилась в жизненную необходимость. Если бы не перешла на Fisсher и на этот раз, то с биатлоном можно было заканчивать. Считаю, лыжи — это до восьмидесяти процентов успеха. Если нет хорошей пары под ногами, то приличный результат показать очень сложно.\r\n\r\n— Кто занимается подбором и закупкой инвентаря?\r\n— Чаще всего помогает федерация. Покупай биатлонист лыжи сам, влетало бы в копеечку. Но в начале сезона ситуация для меня складывалась именно так: приобретала лыжи за свои деньги. Зато потом уже могла рассчитывать на поддержку федерации.\r\n\r\n— Ваша динамика в Кубке мира: 98-я позиция, 73-я и 55-я в этом году. Место во второй полусотне — справедливое отражение возможностей?\r\n— Этой зимой получилось далеко не все. Стартовые гонки в прошедшем Кубке мира выдались провальными, потому что накануне провела неделю в бесснежных условиях. Все неудачно сложилось: я не очень хорошо готова, с лыжами беда. Анализировала результаты и понимала, что это совершенно не мой уровень. Ведь могу попадать хотя бы в гонку преследования! А потом провели хороший сбор в Рамзау, отдохнули, потренировались и в новом году дела пошли в гору.\r\n\r\n— Во время лучшей личной гонки — преследования в Нове-Место — десятое место было вашим потолком или чувствовали резерв обойти еще пару соперниц? \r\n— В тот момент думала, что могу больше. Лыжи работали столь хорошо, что тогда-то и поняла про восемьдесят процентов успеха. Конечно, было не угнаться за самыми быстрыми биатлонистками, но подержаться за Валей Семеренко могла. Ехала и думала: боже мой, ведь могу держаться, могу!\r\n\r\n— Как перестраивались от работы с Клаусом Зибертом на сотрудничество с Альфредом Эдером? \r\n— Очень нравится работать с Альфредом. С ним даже приятнее и комфортнее, чем с Клаусом. Он на меня смотрит не как на ребенка, которого просто долго возили с командой, а как на спортсменку, способную показать результат. Это отношение как к взрослой очень помогло.\r\nВозможно, раньше ощущала, что ко мне относятся не всерьез, а как к надежде на будущее, и не ждут никаких свершений. Сейчас меня воспринимают как взрослую спортсменку, которая может что-то показать. Это приятно. И очень рада, что Эдер продолжит работу с нами.\r\n\r\n— Когда перед глазами живой пример легенды Домрачевой, это подстегивает или прибивает к земле мыслью “мне такой никогда не быть”?\r\n— Стать такой, как Домрачева, невероятно сложно. Я никогда не стремилась ее копировать, перенимать технику. Всегда хочется чего-то достичь самой. Ведь Даша — это Даша. Всем, глядя на нее, хочется расти, тянуться и добиваться результатов.\r\n\r\n— Самое яркое впечатление этого сезона?\r\n— Подиум. Так приятно стоять на пьедестале, принимать овации болельщиков... Очень запоминающийся момент, ведь в Рупольдинге всегда ощущается большая поддержка.\r\n\r\n— Что назовете самым большим провалом?\r\n— Эстафету в Антхольце, когда на моем этапе задувал ужасный ветер. После этого момента казалось, что уже никогда больше бегать не буду. Потом анализировала ситуацию и так и не придумала, кто бы справился с теми погодными условиями. Такой ветер невозможный! Меня с коврика чуть не унесло, а палки приходилось держать, потому что их сдувало. Я пережидала порыв, началось восстановление и вдруг поняла, что справиться со всем этим кошмаром невозможно. Почти не стояла на ногах.\r\nТа ситуация очень трудно далась психологически. Потом несколько гонок подряд ноги тряслись на стойке. Только к концу сезона немного успокоилась.\r\n\r\n— Спорным получился и момент передачи эстафеты вам от Надежды Писаревой на чемпионате мира. До сих пор по записи не понять, было касание или нет. Что скажете?\r\n— Касание не почувствовала, поэтому и вышла заминка. Но был контакт палками, и по правилам этого хватает для продолжения гонки. Когда разбирали ситуацию, обнаружили, что некоторые девчонки передают эстафету именно касанием палки, и им все засчитывают.\r\nНеудача на старте эстафеты взбодрила. Резко подскочила и поняла, что надо быстрее догонять. Моментально прошло волнение — хотелось всех достать.\r\nЭстафета — особая гонка в эмоциональном плане. Там изведешься, пока дождешься своего старта. Ведь на стадионе все видно и понятно, как дела у твоей команды, как она идет и стреляет, какое место занимает. Волнение при этом захлестывает. А здесь получила стресс уже с самого начала. Решила: сантименты в сторону — и за дело.\r\n\r\n— Какую дисциплину любите больше всего?\r\n— Очень интересна гонка преследования. Мне нравится, что стартуют все вместе и не надо долго ждать. Ведь в спринте или индивидуалке пока дождешься своей очереди, особенно если стартуешь в поздних номерах, пройдет минут сорок, а то и больше. Получается, приезжаю на стадион за три с лишним часа до своего старта. Долгое ожидание, томление — кому оно понравится? А в преследовании все дружно, быстро, весело.\r\n\r\n— Увлекает контактная борьба? \r\n— Да, безусловно. В гонке с раздельным стартом, особенно начав в последней группе, можно всю дистанцию проехать в одиночестве. А я такой человек... Еще не умею бегать одна. Вот за кем-то подержаться могу. Это легко, у меня получается, конечно, если впереди не Кайса и не Даша. Могу сидеть за спиной биатлонисток, превосходящих меня по уровню, — буду терпеть, держаться. А в спринте никого не вижу и, бывает, даю себе слабину. И только потом понимаю, что отработала не до конца.\r\n\r\n— Пример для подражания в биатлоне?\r\n— Кумиров никогда не было, хотя есть люди, которые заставляют восхищаться. Даша в этом списке. Но мне нравятся не только безусловные чемпионы, а те, кто постоянно работает, год от года прибавляет и может выступать наравне с лидерами. Хороши примеры Вероники Витковой и Доротеи Вирер.\r\n\r\n— Есть мнение, что сборная Беларуси — самая красивая биатлонная команда. Часто сталкиваетесь с мужским интересом в свой адрес?\r\n— Так и не скажешь. Мы особо ни с кем не общаемся, в основном с белорусскими парнями. Получается, живем рядышком, а другие отдельно, вот и не выходит завязать дружбу.\r\n\r\n— Биатлоном занимается и ваш младший брат Виктор. Фамильная традиция?\r\n— В семье спортсменов не было. Мы с братом первые, кто решил попробовать на себе все спортивные радости. Пришли с ним в биатлон в один год: я весной, он осенью.\r\nНачала заниматься довольно поздно, в 12 лет, и ощутила неудобства от этой запоздалости. Все девчонки моего года уже катались довольно уверенно, а я падала через каждые десять метров. Но у меня была мотивация, чтобы стать хотя бы как они. Когда подтянулась, захотелось их превзойти.\r\n\r\n— Как юную девчонку увлек спорт, где есть лыжи и винтовка?\r\n— К этому вела цепочка событий. У нас сгорел дом, и мы с семьей были вынуждены переехать в общежитие. Рядом с ним находилась спортивная база, там занимались биатлоном. Год наблюдала за спортсменами, однако пополнять их ряды не спешила. А потом учитель физкультуры обратил внимание на девочку, которая хорошо на лыжах бегала, и ее отправили в секцию. И я пошла вместе с ней. Думаю, почему нет, рядом ведь живу. До сих пор не отпускает.\r\n\r\n— Получается, обязаны несчастному случаю?\r\n— Да. Если бы семья не переехала, мы вряд ли увлеклись бы биатлоном. Жили очень далеко от тренировочной базы, а ходить туда надо было через кладбище...\r\n\r\n— Многие биатлонистки на сборах и соревнованиях проводят время за вязанием. Вам такой досуг по душе?\r\n— Это совершенно не для меня! Еще до биатлона, пока искала себя, неделю ходила на вязание. Бросила. Потом отправилась на танцы. Они оказались народными, и меня опять не увлекло. Может, будь они современными, то все получилось бы. После этого несколько раз сходила на соломку — опять мимо. И здесь поняла, что сидячая работа, требующая монотонного труда, совсем не для меня. Гораздо интереснее находиться на свежем воздухе: побегать, попрыгать. Такой темперамент. Кого-то успокаивает вязание, а я, когда психую, должна выплеснуть негатив через физическую активность.\r\n\r\n— Признайтесь, Дарья давала глобус подержать?\r\n— Все держали! Мы на него смотрели, и всем хотелось такой же.'),
(2, 3, 'alisonka1992@yandex.ru', 'Минчане смогут узнавать расписание движения транспорта через USSD-запросы на мобильнике', '2015-04-23', 'В столице на таблички с указанием названий остановочных пунктов и маршрутов общественного транспорта наносят коды остановок. Как сообщили в ГП "Минсктранс", это один из этапов внедрения очередного мобильного сервиса, который вскоре предложат пассажирам городского транспорта.\r\n', 'Речь идет о возможности с помощью USSD-запроса узнать фактическое время прибытия транспортного средства на определенную остановку. Пока этот сервис работает в тестовом режиме и только для абонентов МТС. В стадии проработки – возможность пользоваться этим сервисом и для абонентов других операторов.\r\n\r\nО том, как с помощью новой для пассажиров услуги узнавать точное время прибытия автобуса, троллейбуса или трамвая, рассказал заместитель генерального директора ГП "Минсктранс" Андрей Паплевка.\r\n\r\n- Вводите USSD-запрос, включающий код остановки, и в ответ получаете сообщение, содержащее информацию о времени ответа на запрос, номере маршрута и времени в минутах, оставшемся до прибытия транспортного средства на остановочный пункт. Причем информация поступит по всем маршрутам, проходящим через данную остановку. Регистрироваться для пользования этим сервисом не нужно. Услуга будет платной, стоимость зависит от оператора связи. Но, как правило, это небольшая сумма.\r\n\r\nКод остановочного пункта представляет собой номер из пяти цифр. Первая цифра обозначает номер района Минска (1 – Заводской район, 2 – Ленинский, 3 – Московский, 4 – Октябрьский, 5 – Партизанский, 6 – Первомайский, 7 – Советский, 8 – Фрунзенский, 9 – Центральный). Вторая и третья цифры – номер первой буквы в названии остановочного пункта по алфавиту (1 – А, 2 – Б, 3 – В, 17 – П и т. д.). Четвертая и пятая цифры – номер остановочного пункта по порядку среди названий, которые начинаются на одну и ту же букву и находятся в одном и том же районе.'),
(3, 3, 'admin@localhost.ru', 'Чмара, Горбик, Слизкий. Более двух тысяч минчан в 2014 году хотели сменить имя или фамилию ', '2015-04-21', 'В 2014 году 2167 минчан обратились с заявлением о перемене имени, фамилии или отчества, и с каждым годом число таких людей растет. О мотивах таких поступков и забавных случаях из практики агентству "Минск-Новости" рассказал начальник главного управления юстиции Мингорисполкома Игорь Плышевский.\r\n\r\n', 'Специалист отмечает, что с каждым годом число желающих поменять паспортные данные растет. За первый квартал 2015 года рассмотрено уже более 500 материалов о перемене личных данных. Согласно законодательству Республики Беларусь, граждане, достигшие 16 лет, вправе изменить фамилию, имя и отчество при наличии веских оснований.\r\n\r\nЕсли проанализировать данные прошлого года, то 1222 человека, или 64% заявителей, желали иметь общую с супругом или супругой фамилию. Большую долю здесь составляют молодожены. Невеста при регистрации брака не берет фамилию жениха, так как вскоре после свадьбы супруги едут в заграничное путешествие, а купленный заранее билет и страховка оформлены на девичью фамилию. Вернувшись домой, жены идут в ЗАГС, чтобы взять фамилию мужа.\r\n\r\n384 человека, или 17,7%, хотели вернуть добрачную фамилию.\r\n\r\n67 минчан, или 3%, меняли фамилию, имя вследствие неблагозвучности. Так, в прошлом году новые фамилии получили Чмара, Горбик, Слизкий, Козлов, Бич, Тупица, Кривоносов, Булдыга.\r\n\r\nКроме того, жители столицы переходили на двойную фамилию и наоборот. Изменяли имя или принимали двойное в связи с крещением, принятием другой религии. Например, Офелия стала Яной, Елена – Алёной, Дарья – Евой, Татьяна – Мадиной.\r\n\r\nСотрудники управления отмечают интересную тенденцию: несколько Людмил в возрасте старше 40 лет обратились с просьбой изменить имя. Мол, устали от ассоциаций с одноименными киногероинями с подмоченной репутацией. Причем одна женщина хотела вписать в паспорт имя Мила – сокращенный вариант от Людмилы. \r\n\r\nА у 16-летних девушек стало модным имя Милана. Из одного ЗАГСа поступило сразу два пакета документов по этому поводу. Правда, учились подростки в разных гимназиях. Руководство главного управления юстиции даже собралось отправлять в учебные заведения письма с просьбой разъяснить детям, что нельзя так легкомысленно относиться к перемене имени.\r\n\r\nПорой в качестве причины заявители указывают: "Имя не соответствует карме, приносит мне несчастье", "Имя отрицательно влияет на мою судьбу, гадалка посоветовала его поменять". Один молодой человек хотел сменить имя, потому что мать назвала его в честь деда, а тот был жестоким и пьющим. Внук стал повторять его судьбу и подумал, что в этом виновато именно имя.\r\n\r\n7 человек, или 0,3%, сменили личное имя на соответствующее стране пребывания.\r\n\r\nНапример, Сейры Оглы получил отчество Сейранович, а Ашотович стал Константиновичем.\r\n\r\nКогда могут отказать\r\nНекоторые минчане к перемене имени или фамилии относятся так же легко, как к смене гардероба. Реальный случай: молодой человек, которого звали Эдгар, решил стать Александром. Обратился за разрешением в соответствующие структуры, мотивировав тем, что имя не сочетается с фамилией и отчеством. Но и новое имя парню через год разонравилось. Почему бы не стать Данилой? Но третье имя как-то не прижилось, и молодой человек снова обратился за разрешением вернуть имя Александр. Каких-либо серьезных доводов в оправдание этого желания не привел. И получил отказ.\r\n\r\nИгорь Плышевский говорит, что каждый гражданин обладает правом на свободный выбор имени, но в некоторых случаях такая свобода приводит к злоупотреблению. Решение должно быть обдуманным, ведь перемена фамилии, собственного имени, отчества – серьезный шаг.\r\n\r\n- Хорошенько подумайте, готовы ли поменять все документы. Ведь на это потребуются и время, и деньги. Комфортно ли вам будет с новым именем? Как к этому отнесутся ваши близкие, друзья, коллеги? \r\n\r\nОн приводит пример из практики, когда в ноябре 2014 года молодая минчанка обратилась с просьбой изменить имя и фамилию. \r\n\r\n- Ей пошли навстречу. А в начале января 2015-го девушка снова написала заявление – хотела вернуть прежние паспортные данные, поскольку у нее разладились отношения с близкими родственниками. Речь зашла даже о лишении наследства.\r\n\r\nИли другой случай: парень поменял фамилию и имя на более звучные и красиво сочетающиеся, по его мнению, чтобы устроиться на престижную работу. Однако в трудоустройстве наниматель ему отказал, мол, нормальные люди просто так свои паспортные данные не меняют.\r\n\r\nКакие действия необходимы для смены имени\r\nЧтобы сменить паспортные данные, необходимо собрать пакет документов: заявление; паспорт или иной документ, удостоверяющий личность; два фото заявителя размером 30×40 мм; свидетельства о регистрации актов гражданского состояния, сделанные в связи с регистрацией перемены Ф. И. О; копии литературных произведений, статей, заметок – в случае изъявления желания носить фамилию, собственное имя в соответствии с литературным псевдонимом; документы, подтверждающие мотивацию (за исключением документов, выданных органом ЗАГС Республики Беларусь), – в случае изъявления желания носить фамилию, собственное имя, отчество, отличные от данных при регистрации рождения, по причинам, не указанным выше; квитанцию об оплате процедуры (предоставляется при выдаче соответствующего свидетельства).\r\n\r\nЭти документы нужно подать в ЗАГС по месту жительства заявителя или по месту регистрации в случае прохождения учебы на дневном отделении в учреждениях образования. Граждане, постоянно не проживающие на территории Беларуси, подают заявлении о регистрации перемены Ф. И. О. в загранучреждение, определяемое по месту своей постановки на консульский учет.\r\n\r\n- После принятия документов у заявителя сотрудники органов ЗАГС всесторонне оценивают обоснованность и законность требований, досконально проверяя всю предоставленную информацию. После чего выносится заключение о возможности перемены Ф. И. О. и вместе с представленными материалами направляется в главное управление юстиции Мингорисполкома. Наше управление и дает разрешение о перемене фамилии, собственного имени, отчества или отказывает в нем. Граждане вправе обжаловать отказ в суде.\r\n\r\nКстати, в прошлом году отказы получили 39 человек. В основном по причине отсутствия веских оснований для перемены Ф. И. О. Двое минчан подавали жалобы в суд. Однако тот признал их обращения необоснованными. Также не допускается изменение фамилий и имен граждан, которые привлекались к уголовной ответственности, находятся под следствием, имеют непогашенную судимость.\r\n\r\n- Не именем определяется судьба человека, а его поступками. Часто мы хотим успеть за модными тенденциями, забывая о своих корнях и богатой истории. Помним о праве на имя, но забываем о единстве нации, сохранении традиций и культуры. Ведь посредством и имени тоже устанавливается тонкая связь поколений.\r\n\r\nПеремена Ф. И. О. сегодня обходится гражданину всего в 1 базовую величину. По мнению специалистов главного управления юстиции, этот тариф необходимо пересмотреть, что позволит отсечь тех, кто решился на такой шаг из-за собственной необъяснимой прихоти. \r\n'),
(4, 1, 'alisonka1992@yandex.ru', 'Неработающий белорус заплатит 25 миллионов "налога на долги"', '2015-04-22', 'Налоговая активно отрабатывает практику взимания нового налога - "на долги", который появился в 2015 году. На этот раз налоговики Ганцевичского района обратили внимание на неработающего белоруса. После проведения проверки ему предстоит уплатить налог в размере 25,1 миллиона рублей или четыре месячные зарплаты среднестатистического белоруса.\r\n\r\n', 'Инспекция Министерства по налогам и сборам по Ганцевичскому району Брестской области обнаружила, что в прошлом году нигде неработающий гражданин приобрел квартиру за 183,3 миллиона рублей (по нынешнему курсу - чуть больше 12 тысяч долларов). Новоселу предложили заполнить декларацию о доходах и имуществе, в которой нужно было пояснить, откуда он взял деньги на такую покупку.\r\n\r\n"Согласно представленным декларациям о доходах и имуществе гражданином было указано, что все средства на приобретение квартиры были заемными, полученными от физических лиц Российской Федерации, не состоящих в родстве с гражданином", - сообщает Министерство по налогам и сборам.\r\n\r\nПоскольку на момент подачи декларации гражданин не вернул долги, то ему предъявили к уплате налог. Сумма составляет 25,1 миллиона рублей.\r\n\r\nНапомним, только за январь-февраль 2015 года бюджет Беларуси получил 3 миллиарда рублей в виде подоходного налога, который уплатили граждане, взявшие займы на дорогостоящие покупки. В поле зрения налоговой попало более 160 таких "должников". Налог считают по ставке 13 процентов. Однако под новую норму Налогового кодекса могут попасть и те граждане, которые брали долги не только в 2014-м году, но и, например, три или пять лет назад.'),
(5, 4, 'admin@localhost.ru', '"Белпочта" показала автомат для самостоятельной отправки писем и бандеролей', '2015-04-23', 'На выставке "ТИБО-2015" РУП "Белпочта" представило устройство самообслуживания по приему и оформлению почтовых отправлений.', 'Устройство предназначено для того, чтобы клиент "Белпочты" мог самостоятельно, не тратя время на ожидание в очереди, отправить заказное письмо или небольшую бандероль.\r\n\r\nАппарат оборудован встроенными весами, принтером и коробом для приема писем. Клиенту необходимо лишь положить письмо на весы, после чего ввести данные получателя и оплатить стоимость почтового отправления с помощью банковской карточки.\r\n\r\nУстройство самостоятельно определяет вес бандероли и рассчитывает стоимость согласно заданным тарифным планам. После оплаты автомат распечатывает чек и штрих-код, который нужно наклеить на письмо. Клиенту "Белпочты" остается только опустить оплаченное отправление в специальный ящик, стоящий рядом с устройством.\r\n\r\nКак сообщили представители предприятия, воспользоваться аппаратом можно для отправки не только заказных писем, но и небольших бандеролей, размером 30x30x3 сантиметров и весом до 2 килограммов. \r\n\r\nНовая технология по отправке заказных писем уже утверждена и будет внедрена сразу после завершения выставки "ТИБО". Первый аппарат разместится в здании минского почтамта, а в дальнейшем "Белпочта" планирует установить эти устройства везде, где находятся платежно-справочные терминалы предприятия.\r\n');

-- --------------------------------------------------------

--
-- Структура таблицы `user`
--

CREATE TABLE IF NOT EXISTS `user` (
  `email` varchar(100) NOT NULL,
  `password` varchar(30) NOT NULL,
  `first_name` varchar(100) NOT NULL,
  `last_name` varchar(100) NOT NULL
) ENGINE=InnoDB DEFAULT CHARSET=utf8;

--
-- Дамп данных таблицы `user`
--

INSERT INTO `user` (`email`, `password`, `first_name`, `last_name`) VALUES
('admin@localhost.ru', 'admin', 'Администратор', ''),
('alisonka1992@yandex.ru', '123456', 'Наталья', 'Жукова');

--
-- Индексы сохранённых таблиц
--

--
-- Индексы таблицы `category`
--
ALTER TABLE `category`
 ADD PRIMARY KEY (`id`);

--
-- Индексы таблицы `news`
--
ALTER TABLE `news`
 ADD PRIMARY KEY (`id`);

--
-- Индексы таблицы `user`
--
ALTER TABLE `user`
 ADD PRIMARY KEY (`email`);

--
-- AUTO_INCREMENT для сохранённых таблиц
--

--
-- AUTO_INCREMENT для таблицы `category`
--
ALTER TABLE `category`
MODIFY `id` int(3) NOT NULL AUTO_INCREMENT,AUTO_INCREMENT=6;
/*!40101 SET CHARACTER_SET_CLIENT=@OLD_CHARACTER_SET_CLIENT */;
/*!40101 SET CHARACTER_SET_RESULTS=@OLD_CHARACTER_SET_RESULTS */;
/*!40101 SET COLLATION_CONNECTION=@OLD_COLLATION_CONNECTION */;
